Houston Rockets,W,won 1
Phoenix Suns,W,won 2
Golden State Warriors,W,won 3
Memphis Grizzlies,W,won 4
Sacramento Kings,W,won 5
Toronto Raptors,W,won 6
Portland Trail Blazers,W,won 7
Minnesota Timberwolves,W,won 8
Denver Nuggets,L,lost 1
Phoenix Suns,L,lost 2
Milwaukee Bucks,W,won 1
Detroit Pistons,W,won 2
Minnesota Timberwolves,W,won 3
Golden State Warriors,W,won 4
Chicago Bulls,W,won 5
Utah Jazz,L,lost 1
Indiana Pacers,L,lost 2
Memphis Grizzlies,L,lost 3
Houston Rockets,L,lost 4
Sacramento Kings,W,won 1
Washington Wizards,W,won 2
Los Angeles Clippers,W,won 3
Chicago Bulls,L,lost 1
New Jersey Nets,W,won 1
Washington Wizards,W,won 2
Indiana Pacers,W,won 3
Philadelphia 76ers,W,won 4
Toronto Raptors,W,won 5
Milwaukee Bucks,L,lost 1
Miami Heat,L,lost 2
San Antonio Spurs,L,lost 3
New Orleans Hornets,W,won 1
Philadelphia 76ers,W,won 2
Memphis Grizzlies,L,lost 1
Detroit Pistons,W,won 1
Phoenix Suns,W,won 2
New Orleans Hornets,W,won 3
New York Knicks,W,won 4
Cleveland Cavaliers,W,won 5
Golden State Warriors,W,won 6
New Jersey Nets,W,won 7
Los Angeles Clippers,L,lost 1
Oklahoma City Thunder,W,won 1
Dallas Mavericks,L,lost 1
Denver Nuggets,W,won 1
Utah Jazz,W,won 2
Sacramento Kings,L,lost 1
Boston Celtics,L,lost 2
Houston Rockets,W,won 1
San Antonio Spurs,L,lost 1
New Orleans Hornets,W,won 1
Memphis Grizzlies,W,won 2
Boston Celtics,W,won 3
New York Knicks,W,won 4
Orlando Magic,L,lost 1
Charlotte Bobcats,L,lost 2
Cleveland Cavaliers,L,lost 3
Atlanta Hawks,W,won 1
Portland Trail Blazers,W,won 2
Los Angeles Clippers,W,won 3
Oklahoma City Thunder,W,won 4
Minnesota Timberwolves,W,won 5
Charlotte Bobcats,W,won 6
San Antonio Spurs,W,won 7
Atlanta Hawks,W,won 8
Miami Heat,L,lost 1
Dallas Mavericks,W,won 1
Orlando Magic,W,won 2
Minnesota Timberwolves,W,won 3
Portland Trail Blazers,W,won 4
Phoenix Suns,W,won 5
Los Angeles Clippers,W,won 6
New Orleans Hornets,W,won 7
Dallas Mavericks,W,won 8
Utah Jazz,W,won 9
Denver Nuggets,L,lost 1
Utah Jazz,L,lost 2
Golden State Warriors,L,lost 3
Portland Trail Blazers,L,lost 4
Oklahoma City Thunder,L,lost 5
San Antonio Spurs,W,won 1
Sacramento Kings,W,won 2
Chicago Bulls,L,lost 1
Sacramento Kings,L,lost 2
Utah Jazz,W,won 1
New York Knicks,W,won 2
Denver Nuggets,W,won 3
Denver Nuggets,L,lost 1
Houston Rockets,W,won 1
Portland Trail Blazers,L,lost 1
Golden State Warriors,W,won 1
Memphis Grizzlies,W,won 2
Phoenix Suns,W,won 3
Utah Jazz,W,won 4
Cleveland Cavaliers,W,won 5
Los Angeles Clippers,L,lost 1
Dallas Mavericks,W,won 1
Miami Heat,L,lost 1
Orlando Magic,L,lost 2
Indiana Pacers,L,lost 3
Los Angeles Clippers,W,won 1
Milwaukee Bucks,L,lost 1
Minnesota Timberwolves,W,won 1
Charlotte Bobcats,W,won 2
Denver Nuggets,W,won 3
Utah Jazz,L,lost 1
Philadelphia 76ers,L,lost 2
Boston Celtics,W,won 1
New York Knicks,L,lost 1
Toronto Raptors,W,won 1
Atlanta Hawks,W,won 2
Phoenix Suns,W,won 3
Phoenix Suns,L,lost 1
Portland Trail Blazers,W,won 1
Dallas Mavericks,W,won 2
Oklahoma City Thunder,L,lost 1
Minnesota Timberwolves,W,won 1
Sacramento Kings,W,won 2
Miami Heat,W,won 3
Detroit Pistons,L,lost 1
Washington Wizards,L,lost 2
Minnesota Timberwolves,W,won 1
Boston Celtics,W,won 2
Memphis Grizzlies,W,won 3
New Orleans Hornets,W,won 4
Minnesota Timberwolves,W,won 5
Utah Jazz,L,lost 1
Houston Rockets,L,lost 2
Dallas Mavericks,W,won 1
Portland Trail Blazers,W,won 2
Memphis Grizzlies,L,lost 1
Golden State Warriors,W,won 1
Oklahoma City Thunder,L,lost 1
New Orleans Hornets,W,won 1
Golden State Warriors,W,won 2
New Jersey Nets,W,won 3
Los Angeles Clippers,W,won 4
Houston Rockets,L,lost 1
Phoenix Suns,L,lost 2
New Orleans Hornets,W,won 1
San Antonio Spurs,W,won 2
Denver Nuggets,W,won 3
Dallas Mavericks,W,won 4
San Antonio Spurs,L,lost 1
Golden State Warriors,W,won 1
San Antonio Spurs,L,lost 1
Oklahoma City Thunder,W,won 1
Sacramento Kings,L,lost 1
Dallas Mavericks,L,lost 1
Portland Trail Blazers,L,lost 2
Los Angeles Clippers,L,lost 3
Detroit Pistons,W,won 1
Utah Jazz,L,lost 1
Golden State Warriors,W,won 1
Sacramento Kings,W,won 2
San Antonio Spurs,L,lost 1
Phoenix Suns,W,won 1
Houston Rockets,W,won 2
Brooklyn Nets,W,won 3
Sacramento Kings,L,lost 1
Memphis Grizzlies,L,lost 2
Dallas Mavericks,W,won 1
Indiana Pacers,L,lost 1
Denver Nuggets,W,won 1
Orlando Magic,L,lost 1
Houston Rockets,L,lost 2
New Orleans Hornets,W,won 1
Oklahoma City Thunder,L,lost 1
Utah Jazz,L,lost 2
Cleveland Cavaliers,L,lost 3
New York Knicks,L,lost 4
Washington Wizards,W,won 1
Philadelphia 76ers,W,won 2
Charlotte Bobcats,W,won 3
Golden State Warriors,W,won 4
New York Knicks,W,won 5
Denver Nuggets,L,lost 1
Portland Trail Blazers,W,won 1
Philadelphia 76ers,L,lost 1
Los Angeles Clippers,L,lost 2
Denver Nuggets,L,lost 3
Houston Rockets,L,lost 4
San Antonio Spurs,L,lost 5
Oklahoma City Thunder,L,lost 6
Cleveland Cavaliers,W,won 1
Milwaukee Bucks,W,won 2
Miami Heat,L,lost 1
Toronto Raptors,L,lost 2
Chicago Bulls,L,lost 3
Memphis Grizzlies,L,lost 4
Utah Jazz,W,won 1
Oklahoma City Thunder,W,won 2
New Orleans Hornets,W,won 3
Phoenix Suns,L,lost 1
Minnesota Timberwolves,W,won 1
Detroit Pistons,W,won 2
Brooklyn Nets,W,won 3
Boston Celtics,L,lost 1
Charlotte Bobcats,W,won 1
Miami Heat,L,lost 1
Phoenix Suns,W,won 1
Los Angeles Clippers,L,lost 1
Boston Celtics,W,won 1
Portland Trail Blazers,W,won 2
Dallas Mavericks,W,won 3
Denver Nuggets,L,lost 1
Minnesota Timberwolves,W,won 1
Atlanta Hawks,W,won 2
Oklahoma City Thunder,L,lost 1
New Orleans Hornets,W,won 1
Toronto Raptors,W,won 2
Chicago Bulls,W,won 3
Orlando Magic,W,won 4
Atlanta Hawks,L,lost 1
Indiana Pacers,W,won 1
Sacramento Kings,W,won 2
Phoenix Suns,L,lost 1
Washington Wizards,L,lost 2
Golden State Warriors,L,lost 3
Minnesota Timberwolves,W,won 1
Milwaukee Bucks,L,lost 1
Sacramento Kings,W,won 1
Dallas Mavericks,W,won 2
Memphis Grizzlies,W,won 3
Los Angeles Clippers,L,lost 1
New Orleans Hornets,W,won 1
Portland Trail Blazers,W,won 2
Golden State Warriors,W,won 3
San Antonio Spurs,W,won 4
Houston Rockets,W,won 5
Los Angeles Clippers,W,won 1
Golden State Warriors,L,lost 1
San Antonio Spurs,L,lost 2
Atlanta Hawks,W,won 1
Dallas Mavericks,L,lost 1
Houston Rockets,W,won 1
New Orleans Pelicans,L,lost 1
Minnesota Timberwolves,L,lost 2
New Orleans Pelicans,W,won 1
Denver Nuggets,L,lost 1
Memphis Grizzlies,L,lost 2
Detroit Pistons,W,won 1
Golden State Warriors,W,won 2
Sacramento Kings,W,won 3
Washington Wizards,L,lost 1
Brooklyn Nets,W,won 1
Detroit Pistons,W,won 2
Portland Trail Blazers,L,lost 1
Sacramento Kings,W,won 1
Toronto Raptors,L,lost 1
Phoenix Suns,L,lost 2
Oklahoma City Thunder,L,lost 3
Charlotte Bobcats,W,won 1
Atlanta Hawks,L,lost 1
Memphis Grizzlies,W,won 1
Minnesota Timberwolves,W,won 2
Golden State Warriors,L,lost 1
Phoenix Suns,L,lost 2
Miami Heat,L,lost 3
Utah Jazz,L,lost 4
Philadelphia 76ers,L,lost 5
Milwaukee Bucks,L,lost 6
Utah Jazz,W,won 1
Denver Nuggets,L,lost 1
Dallas Mavericks,L,lost 2
Houston Rockets,L,lost 3
Los Angeles Clippers,L,lost 4
Cleveland Cavaliers,L,lost 5
Phoenix Suns,L,lost 6
Boston Celtics,W,won 1
Toronto Raptors,W,won 2
Chicago Bulls,L,lost 1
Miami Heat,L,lost 2
Orlando Magic,L,lost 3
New York Knicks,L,lost 4
Indiana Pacers,L,lost 5
Charlotte Bobcats,L,lost 6
Minnesota Timberwolves,L,lost 7
Cleveland Cavaliers,W,won 1
Philadelphia 76ers,W,won 2
Chicago Bulls,L,lost 1
Utah Jazz,L,lost 2
Oklahoma City Thunder,L,lost 3
Houston Rockets,L,lost 4
Boston Celtics,W,won 1
Brooklyn Nets,L,lost 1
Indiana Pacers,L,lost 2
Memphis Grizzlies,L,lost 3
Sacramento Kings,W,won 1
Portland Trail Blazers,W,won 2
New Orleans Pelicans,L,lost 1
Los Angeles Clippers,L,lost 2
Denver Nuggets,L,lost 3
Oklahoma City Thunder,W,won 1
Oklahoma City Thunder,L,lost 1
San Antonio Spurs,L,lost 2
San Antonio Spurs,L,lost 3
Washington Wizards,L,lost 4
Orlando Magic,W,won 1
New York Knicks,W,won 2
Milwaukee Bucks,L,lost 1
Minnesota Timberwolves,L,lost 2
Phoenix Suns,W,won 1
Portland Trail Blazers,L,lost 1
Sacramento Kings,L,lost 2
Dallas Mavericks,L,lost 3
Los Angeles Clippers,L,lost 4
Houston Rockets,L,lost 5
Golden State Warriors,L,lost 6
Memphis Grizzlies,L,lost 7
Utah Jazz,W,won 1
San Antonio Spurs,W,won 2
Houston Rockets,L,lost 1
Phoenix Suns,L,lost 2
Los Angeles Clippers,L,lost 3
Golden State Warriors,L,lost 4
Phoenix Suns,L,lost 5
Charlotte Hornets,W,won 1
Memphis Grizzlies,L,lost 1
New Orleans Pelicans,L,lost 2
San Antonio Spurs,L,lost 3
Golden State Warriors,L,lost 4
Atlanta Hawks,W,won 1
Houston Rockets,W,won 2
Dallas Mavericks,L,lost 1
Denver Nuggets,L,lost 2
Memphis Grizzlies,L,lost 3
Minnesota Timberwolves,L,lost 4
Toronto Raptors,W,won 1
Detroit Pistons,W,won 2
Washington Wizards,L,lost 1
Boston Celtics,L,lost 2
New Orleans Pelicans,L,lost 3
Sacramento Kings,W,won 1
San Antonio Spurs,W,won 2
Minnesota Timberwolves,W,won 3
Indiana Pacers,L,lost 1
Oklahoma City Thunder,L,lost 2
Sacramento Kings,L,lost 3
Golden State Warriors,W,won 1
Chicago Bulls,L,lost 1
Dallas Mavericks,L,lost 2
Phoenix Suns,L,lost 3
Denver Nuggets,W,won 1
Memphis Grizzlies,L,lost 1
Indiana Pacers,W,won 1
Portland Trail Blazers,L,lost 1
Los Angeles Clippers,L,lost 2
Orlando Magic,W,won 1
Portland Trail Blazers,L,lost 1
Miami Heat,L,lost 2
Cleveland Cavaliers,L,lost 3
Utah Jazz,L,lost 4
Phoenix Suns,L,lost 5
New Orleans Pelicans,L,lost 6
San Antonio Spurs,L,lost 7
Houston Rockets,L,lost 8
Washington Wizards,L,lost 9
Chicago Bulls,W,won 1
New York Knicks,L,lost 1
Milwaukee Bucks,L,lost 2
Orlando Magic,L,lost 3
Cleveland Cavaliers,L,lost 4
Denver Nuggets,L,lost 5
Portland Trail Blazers,L,lost 6
Brooklyn Nets,L,lost 7
Boston Celtics,W,won 1
Utah Jazz,W,won 2
Milwaukee Bucks,W,won 3
Oklahoma City Thunder,L,lost 1
Charlotte Hornets,L,lost 2
Miami Heat,L,lost 3
Memphis Grizzlies,L,lost 4
Dallas Mavericks,L,lost 5
Detroit Pistons,W,won 1
New York Knicks,L,lost 1
Atlanta Hawks,L,lost 2
Golden State Warriors,L,lost 3
Utah Jazz,L,lost 4
Philadelphia 76ers,W,won 1
Oklahoma City Thunder,L,lost 1
Minnesota Timberwolves,W,won 1
Toronto Raptors,L,lost 1
Brooklyn Nets,L,lost 2
Philadelphia 76ers,W,won 1
New Orleans Pelicans,L,lost 1
Portland Trail Blazers,L,lost 2
Los Angeles Clippers,L,lost 3
Los Angeles Clippers,L,lost 4
Denver Nuggets,L,lost 5
Minnesota Timberwolves,W,won 1
Dallas Mavericks,L,lost 1
Sacramento Kings,L,lost 2
Sacramento Kings,L,lost 3
